"1","Sylvester Baird","HXK90OPC2LZ","blandit@massa.co.uk","3523","16920507 9586","02/08/2018","Ap #176-7958 Id Av.","6"
"2","Nero Parker","ZFZ05ZVQ1IO","ac@lectusjustoeu.com","2370","16520527 2411","09/21/2017","P.O. Box 102, 4041 Nullam Road","9"
"3","Dolan Odom","SEN91THG7XF","eu.euismod@rutrum.com","5350","16351110 5979","04/25/2016","3364 Pharetra, St.","7"
"4","Bradley Pugh","TIT97QKZ8XM","dictum.Proin@nonluctus.ca","4613","16061006 0147","07/04/2016","169-2034 Ac St.","10"
"5","Dieter Garcia","WSI68OZS6LO","ac@consequat.ca","9535","16320801 6703","08/31/2019","9427 Varius Street","11"
"6","Fritz Hodge","LNU00OOS7UG","ipsum@mi.org","3501","16731113 2661","12/29/2018","P.O. Box 296, 4139 Sagittis Ave","9"
"7","Kaseem Pugh","UVS32VRT4KL","lectus.justo@adipiscinglacusUt.co.uk","5817","16330808 1557","11/03/2015","8828 Libero. Road","11"
"8","Rigel Dunn","IAQ59MSA4PS","auctor.ullamcorper@semsemper.com","1887","16830830 7647","04/29/2016","9788 Tellus. Rd.","11"
"9","Aidan Glenn","AFB47EDX6QZ","sodales@dolor.ca","8251","16050723 8749","03/22/2019","P.O. Box 833, 3304 Amet, Street","2"
"10","Isaiah Harding","OZV22RVB3QT","a@Donecfelis.edu","9366","16340928 7640","07/26/2017","P.O. Box 611, 3080 Suscipit Rd.","8"
"11","Aladdin Wilkins","RKT93CNJ7FU","In.mi.pede@in.org","5915","16300230 4990","02/03/2021","972-876 Aliquet, St.","8"
"12","Gareth Allison","FRU64ERG4LH","vestibulum.Mauris@turpisegestas.edu","5635","16870815 3484","12/30/2019","723 Erat St.","2"
"13","Dale Conway","QQQ74MJT7DS","turpis@loremipsum.edu","3823","16090128 4836","10/04/2017","Ap #612-285 Quis Avenue","4"
"14","Adrian Franks","CZU39VSH1RT","Pellentesque.habitant@Aliquamerat.co.uk","6407","16210804 9525","08/08/2015","P.O. Box 172, 5641 Dolor Rd.","9"
"15","Jackson Bradford","ARE59XHZ5MZ","eget.dictum@arcueuodio.ca","6942","16580514 1800","01/13/2021","Ap #712-7727 Luctus Ave","11"
"16","Hakeem Horn","PUM05XJZ6XT","molestie@eu.ca","9525","16710907 1535","01/16/2016","503-4201 Vel Avenue","10"
"17","Malik Morrow","NCH71BID2QQ","Sed.nunc.est@turpis.edu","1673","16870919 5898","01/31/2017","781-296 Consectetuer, Rd.","9"
"18","Keaton Head","TLL80UCY4IK","at.egestas@ipsumnunc.net","1183","16780308 7258","08/11/2020","902-7068 Hendrerit Ave","9"
"19","Cade Nolan","SFB31TAP3UX","mollis.dui.in@Nullam.ca","4591","16831230 3772","02/05/2019","Ap #571-4023 Nonummy. Avenue","4"
"20","George Moon","JDA14ZFY7MD","quis@estconguea.co.uk","8927","16750518 4858","02/06/2016","Ap #904-1246 Turpis Street","2"
"21","Kane Gordon","KSI03IDO8ZF","eget.dictum.placerat@vel.edu","5107","16010229 8338","09/23/2017","P.O. Box 532, 6598 Cursus Street","5"
"22","Timon Wiggins","LKF78BQN3RA","velit@SednequeSed.com","7203","16310329 3530","11/27/2020","P.O. Box 551, 7246 Ultrices Street","7"
"23","Joel Compton","BPF76HRP3NQ","enim@tempus.com","6275","16200321 2749","09/10/2016","7010 Sit Av.","5"
"24","Micah Rodriquez","OTS97FZV9RZ","arcu.Vivamus.sit@vulputatevelit.ca","7105","16920508 9403","11/20/2015","P.O. Box 856, 3969 Neque. Avenue","2"
"25","Jackson Stephenson","GPH54YEN9JZ","dignissim.Maecenas@varius.ca","1273","16891101 9639","09/05/2015","P.O. Box 666, 5784 Non Rd.","3"
"26","Beck Perez","OAO36QSJ4XO","placerat@fringillami.edu","2750","16640722 8235","10/20/2016","849-1745 Mauris Rd.","6"
"27","Luke Salas","VZP05WMB6IZ","Nulla@estacfacilisis.org","4469","16740827 6827","10/26/2017","765-7036 Curabitur Av.","2"
"28","Wyatt Chandler","FTV51YPD2NN","convallis.ligula@utcursusluctus.com","4424","16720621 6355","11/24/2018","Ap #367-3131 Sapien. Rd.","1"
"29","Simon Meyers","VAC09IUD5UO","egestas.Aliquam@estcongue.com","6263","16790328 2809","10/15/2015","P.O. Box 454, 5075 Felis. Ave","3"
"30","Vincent Le","EJY95CLS5HM","id.mollis.nec@pharetraQuisqueac.com","2367","16171006 6554","03/16/2019","183-6247 Mauris St.","3"
"31","Holmes David","GSS32SMS5MK","ac.ipsum@Nam.com","8091","16170127 4860","09/16/2019","P.O. Box 999, 5288 Nunc Av.","6"
"32","Keane Compton","FQT06NQA5RT","ultrices@dis.org","4096","16250206 7859","10/13/2019","Ap #943-6192 Donec St.","1"
"33","Aaron Savage","RKV66MZV5FG","a.mi.fringilla@ProinvelitSed.co.uk","1337","16540205 3481","12/01/2020","2079 Integer Ave","3"
"34","Quinlan Odonnell","IGW74RTJ5VP","dictum.Proin@dolor.net","6630","16010901 8291","05/31/2019","P.O. Box 845, 5023 Non Rd.","7"
"35","Lars Peters","DRZ60GMR5FI","malesuada@ametultricies.net","3721","16470408 1894","08/10/2020","904 Vitae, St.","9"
"36","Chandler Hoffman","GHR67BKY0LR","Maecenas.mi@eueros.net","4600","16510207 4340","11/27/2019","Ap #886-9100 Ut Av.","3"
"37","Yardley Combs","KXT02HJK4EJ","vitae.aliquam@placerataugue.edu","5575","16410830 9594","03/28/2021","8684 Elit. Street","8"
"38","Macaulay Merritt","RAZ26APP5YH","ut.eros.non@Nullam.com","5193","16150325 7535","01/30/2017","P.O. Box 991, 6453 Morbi St.","3"
"39","Gregory Richmond","CGZ05PHL4ZM","Morbi.non.sapien@bibendumsed.co.uk","9951","16551224 0341","02/18/2018","Ap #180-3469 Eu Rd.","5"
"40","Denton Boyer","XHZ97CHB1JO","lectus@congueaaliquet.net","5530","16470312 5619","12/06/2016","4009 Eu, Ave","10"
"41","Avram Sears","BDD30LCI1YD","vulputate@arcuimperdietullamcorper.com","6573","16120223 2045","06/06/2020","673-3071 Facilisis Street","9"
"42","Kibo Dalton","XBA46XBK0AL","fermentum@vulputate.org","3811","16620115 2011","08/27/2019","4217 Egestas. Rd.","12"
"43","Julian Cherry","FII41DRQ2QA","neque.Nullam.ut@enim.edu","7028","16621213 2499","09/20/2018","Ap #224-3842 Etiam Street","7"
"44","Joseph Massey","HBB65MUX9OJ","Sed@commodoatlibero.ca","5469","16660906 0121","12/17/2017","672-1495 Lobortis, Rd.","12"
"45","Jackson Aguilar","GHO54YWO9RV","semper.et.lacinia@augueid.co.uk","8319","16661024 6909","09/15/2015","P.O. Box 979, 9000 Quis St.","2"
"46","Geoffrey Mueller","NKC24JEN7LA","nec@risusDuis.ca","2375","16060912 6784","03/19/2018","4578 Semper Rd.","8"
"47","Grady Juarez","URJ51PZK5BP","Donec.est.mauris@fringillaeuismod.com","9461","16650426 1345","06/13/2017","587-2972 Faucibus St.","7"
"48","Amir Vance","MAF82WQD1CC","Cras@urnajusto.net","5530","16030210 1555","03/26/2016","P.O. Box 146, 8273 Sit Rd.","3"
"49","Rooney Owens","GYE44ALP7LF","non.leo.Vivamus@arcuacorci.org","2832","16370223 0263","04/29/2018","357-3574 Facilisis, St.","5"
"50","Deacon Townsend","MWS93XFR2AD","nisi@vulputate.ca","7695","16001127 0162","10/22/2016","Ap #837-7512 Enim Avenue","5"
"51","Stuart Norris","HMN18UUU7LS","Mauris.quis@Aliquam.org","3894","16841023 0398","09/13/2015","P.O. Box 810, 9322 Dapibus St.","1"
"52","Jacob Spears","JKJ71YZU4WK","mauris@vitaepurus.ca","6068","16380506 5053","08/11/2017","4004 Leo, St.","4"
"53","Nathaniel Duncan","UNX02BPQ3QV","velit@pretium.edu","3517","16750429 5820","03/27/2018","640-4685 Blandit Road","11"
"54","Burke Sanders","OXF50FMQ5TT","eros@loremvitaeodio.co.uk","3582","16140904 4706","05/21/2020","P.O. Box 243, 399 Eget Street","11"
"55","Galvin Alvarez","YCC56JYG4PX","ante@nascetur.ca","5041","16440608 5391","02/11/2016","2560 Mollis. Av.","5"
"56","Brent Joseph","BRA57YEE3BB","mus.Donec.dignissim@fermentum.co.uk","6848","16980702 4170","10/13/2016","Ap #740-255 Nascetur Avenue","3"
"57","Garrett Wright","PYY33LII1VQ","scelerisque@eleifend.net","9159","16541018 2561","01/22/2018","290-8939 Tristique St.","1"
"58","Driscoll Hall","QAQ73MVD7MK","Maecenas@adipiscingelit.org","7856","16471201 7724","09/08/2016","3967 In Street","12"
"59","Ferdinand Newton","UQK18SDX4QR","a@ipsumporta.org","1652","16460908 6733","01/17/2018","P.O. Box 178, 4805 Id, Avenue","11"
"60","Joseph Wyatt","BWR79RZR0ST","sed@laoreetliberoet.co.uk","2600","16381001 2595","01/23/2021","Ap #231-6797 Risus Avenue","11"
"61","Stuart Poole","ZGA63LOR7DN","senectus.et@justoPraesentluctus.co.uk","6030","16361027 2803","01/28/2017","709 Commodo Road","2"
"62","Aquila Dotson","TCZ67TLM4AI","imperdiet.nec.leo@consequat.org","7162","16010907 3619","08/09/2020","400-6379 Aliquam Street","6"
"63","Jared Buckley","TYP65JSA0GS","dictum.ultricies.ligula@placeratorci.com","1925","16740229 8652","01/08/2018","P.O. Box 432, 4649 Magnis Road","1"
"64","Malachi Sharp","LDP78RBP8HU","elit@Morbimetus.ca","7017","16210328 8565","11/06/2015","4050 Blandit Rd.","8"
"65","Merrill Howe","HXM99PTT3GB","eros.Nam.consequat@ultriciesligula.edu","3728","16060505 8445","03/24/2017","Ap #258-2798 Congue Rd.","7"
"66","Malcolm Ruiz","FAR34ETW1ZT","enim.Etiam@molestiearcu.net","6717","16150322 7348","12/11/2019","Ap #489-4147 A St.","6"
"67","Declan Mckay","MYW62EDD2GN","bibendum.ullamcorper.Duis@vulputate.ca","5663","16300508 0225","10/28/2016","P.O. Box 979, 2812 Euismod Rd.","2"
"68","Alden Mcintyre","TLA04NAR4YY","Nullam.vitae.diam@tristiquepharetraQuisque.edu","4700","16920720 8886","10/18/2016","570-4118 Sed Rd.","7"
"69","Jackson Turner","MZM72PIM5GL","Vivamus.nibh.dolor@perconubia.com","1337","16330407 8672","06/17/2018","Ap #317-6121 Metus. Av.","1"
"70","Alfonso Huff","BBC51IEZ1CS","libero.nec.ligula@elitpedemalesuada.co.uk","7788","16460708 5935","02/01/2018","9883 Lorem Ave","12"
"71","Keane Talley","DOU43NNN3FP","egestas@vestibulum.ca","3487","16480222 6581","02/16/2019","P.O. Box 393, 2716 Id Ave","2"
"72","Brett Duran","YFQ47TRV0JU","sollicitudin.commodo@bibendum.edu","5953","16131119 1306","03/13/2017","837-6288 Augue St.","6"
"73","Keith Hendrix","NTX80FZK4BV","Nullam.enim.Sed@urna.ca","4796","16330920 9041","02/17/2017","Ap #770-6205 Hendrerit. Ave","6"
"74","Xenos Sosa","BQE16NOX6PZ","ullamcorper@Sedetlibero.ca","6414","16470706 3519","04/27/2020","830-1552 Dis Rd.","3"
"75","Preston Lane","EGT70RBF8XX","Vivamus.molestie@necluctusfelis.com","1910","16970603 8131","12/09/2019","9616 Aliquet Av.","8"
"76","Gary Small","TXO00LCX4AB","dui.Fusce@mauriserat.net","9408","16990909 2786","01/29/2017","P.O. Box 259, 1064 Dictum Rd.","5"
"77","Keefe Gross","FST00QQS2NT","Vivamus.nibh.dolor@magnisdisparturient.edu","8945","16130920 3964","05/28/2016","616-9009 Mauris Av.","2"
"78","Hiram Byers","HTO80YZJ2WP","amet.orci.Ut@enimEtiam.net","4470","16350821 0261","10/07/2020","7426 Donec Av.","10"
"79","Jermaine Alston","MOA58DXA1SV","In.at.pede@Nunc.net","7857","16260929 6161","02/19/2018","Ap #546-2323 Ac Rd.","9"
"80","Ferris Garrison","OKP27OPL2AW","sed.dolor.Fusce@Donec.co.uk","5230","16390922 3269","06/19/2016","P.O. Box 803, 7288 Eu, Rd.","4"
"81","Tobias Crawford","NQM03BOZ6RJ","Cras.lorem.lorem@dictummagna.org","4229","16910102 7580","06/30/2018","9949 Urna Street","11"
"82","Preston Camacho","ZOB87VPI8OL","lorem.eget@dolor.com","9179","16840803 8183","03/24/2017","983-881 Ipsum. Ave","1"
"83","Yoshio Whitley","VYZ71LZG0MV","Sed.congue@mieleifendegestas.net","4723","16440429 8285","08/21/2018","P.O. Box 611, 4039 Felis St.","7"
"84","Derek Holloway","TFF65TSV3YT","mi.tempor@facilisismagna.co.uk","3735","16680408 8992","06/20/2017","6364 Non Av.","6"
"85","Timothy Riddle","MZP03YMD3FC","ante.ipsum.primis@facilisis.com","2038","16860417 0335","12/14/2020","5467 Mi, Street","2"
"86","Zeph Ayers","YAI42WJE3UE","penatibus.et.magnis@interdum.com","6802","16430929 2961","12/03/2019","Ap #822-4839 Non Street","9"
"87","Barry Allison","XFB38OCY7VZ","ipsum.Suspendisse@Nulla.co.uk","2836","16091022 3254","02/12/2019","Ap #552-5210 Nulla St.","7"
"88","Jackson Castillo","JHY30FDT5EK","eros.Nam.consequat@malesuadafringilla.com","2514","16751224 1816","05/11/2019","7071 Curabitur Road","12"
"89","Peter Hickman","XMK51ZAT4TV","nunc.ac@a.com","3109","16850101 8389","02/10/2017","Ap #790-6413 Tristique St.","8"
"90","Micah Harper","VTE34IVF3PP","ante@Vivamussitamet.net","9545","16351212 3385","04/10/2018","8736 Risus Avenue","7"
"91","Chancellor Hunter","EQI61FVP6TQ","erat.eget@duiquisaccumsan.ca","9283","16451128 7155","05/31/2019","7686 A Avenue","8"
"92","Steven Kent","JXC73GOR9ZG","felis@acmattissemper.net","2075","16470327 7220","12/11/2015","P.O. Box 261, 1719 Ipsum. Rd.","12"
"93","Aladdin Vaughan","BVC35ZKI6NI","Suspendisse.aliquet@ultricesmaurisipsum.org","8733","16041025 6325","08/21/2018","914-4388 Magna. Av.","4"
"94","Kadeem Waters","GEH46SPL3OR","vestibulum.Mauris@egetmagnaSuspendisse.co.uk","8011","16180620 5132","09/12/2017","P.O. Box 307, 675 Dictum Rd.","5"
"95","Nero Ryan","UZH16UZB4BJ","Fusce.aliquam@Crassed.com","9668","16520716 9938","10/26/2015","119 Suspendisse Rd.","9"
"96","Beau Fry","VTH52LBS8QR","Lorem.ipsum.dolor@cursusinhendrerit.co.uk","2065","16120809 3417","07/16/2018","4017 Luctus Road","6"
"97","Beau Craig","ZFN64ONF2WO","a.enim.Suspendisse@magna.org","4025","16840304 2107","11/02/2018","Ap #959-1017 Augue. Avenue","1"
"98","Lyle King","DXH02FUI6DM","pede.ultrices.a@turpisegestas.net","2739","16350802 8291","06/17/2018","P.O. Box 350, 5380 Lacus. Av.","2"
"99","Uriel Love","XLK26WQP5KU","Proin.vel@musProinvel.com","5469","16410825 6944","11/14/2020","Ap #264-4857 Tellus. Rd.","3"
"100","Sebastian Dotson","LXK08PSH8ZL","conubia.nostra.per@velconvallis.ca","6276","16490711 4450","04/09/2021","Ap #910-9230 Feugiat Av.","4"
