"1","Ray Dillard","GTM00SGT6OO","nisi.Cum@amet.edu","3252","16281112 2387","12/08/2019","4199 A St.","3"
"2","Jesse Sexton","BVR65EAP4VJ","eget.lacus@Curabiturconsequatlectus.org","1192","16910125 2444","02/23/2018","P.O. Box 912, 7830 Phasellus Rd.","3"
"3","Ethan Lane","ZNO71HDO5OW","sit@nequeetnunc.edu","6771","16930215 4597","03/30/2016","Ap #585-4403 Semper, St.","3"
"4","Rooney Tanner","ONL42MZL8JM","id.blandit@ipsumporta.net","6098","16000511 5852","04/24/2021","P.O. Box 775, 5656 Pharetra. Av.","3"
"5","Emmanuel Berg","YAX96HEZ5RO","ante.blandit.viverra@tellusjustosit.net","6402","16041107 1038","05/18/2019","8276 Lacinia St.","3"
"6","Lucas Perez","OSL74GSL5IK","ridiculus.mus.Aenean@Quisquenonummyipsum.co.uk","2334","16451228 1116","05/09/2020","705-5725 Enim Rd.","3"
"7","Brian Golden","VFB75IJZ6YM","semper.dui@in.ca","9581","16750828 3939","05/07/2016","P.O. Box 620, 1039 Massa. Avenue","3"
"8","Hyatt Farmer","TAQ80WXM6OI","commodo.hendrerit@netusetmalesuada.com","8649","16121212 4364","05/03/2018","5261 Ipsum Rd.","3"
"9","Ray Tillman","ZMG20QNI2AT","iaculis.lacus.pede@posuereatvelit.ca","3310","16660530 4432","01/04/2021","8657 Laoreet Ave","3"
"10","Otto Moran","QGA74GAL9JT","Cras.vehicula.aliquet@pedeSuspendissedui.co.uk","9087","16610128 0110","08/05/2018","392-4082 Nunc Avenue","3"
"11","Amery Boyle","GST09CHB1II","eleifend.Cras@antebibendum.net","3410","16100221 8962","01/17/2016","Ap #182-1698 Eu Street","3"
"12","Graham Strong","UXJ83GLT8HA","lectus.pede@ultriciesligulaNullam.edu","1349","16450813 0293","02/07/2019","5250 Orci Rd.","3"
"13","Ferdinand Riley","YVI17YET1ZB","sem.egestas.blandit@cursusNunc.edu","3101","16040927 1343","08/27/2015","P.O. Box 125, 8688 Fermentum Ave","3"
"14","Len Beasley","MWY34TTX4PY","vel.arcu.Curabitur@hendreritconsectetuercursus.ca","6828","16300121 6526","09/22/2015","344-8462 Eget Street","3"
"15","Garth Farrell","LIB49NVZ8FK","pellentesque@nibh.org","8644","16550422 2737","11/15/2020","Ap #458-2729 Tortor. Rd.","3"
"16","Ahmed Simon","ELG38PYI5EF","ante.Vivamus@dis.com","3767","16021215 5741","11/12/2016","Ap #272-2667 Augue Street","3"
"17","Preston Paul","FHQ87NXV4GV","lectus@arcuSedet.com","4366","16360609 2983","08/28/2019","155-9109 Molestie St.","3"
"18","Cyrus Knowles","UQN92GRS6AX","nunc.est@sagittis.co.uk","4968","16110428 2312","03/16/2016","2634 Ultrices Av.","3"
"19","Forrest Oliver","GEE32CQP0CA","ullamcorper@pedenonummy.com","4956","16970128 2254","11/25/2015","Ap #437-4750 Faucibus St.","3"
"20","Rahim Hendricks","ZUY21EDL4UF","lacinia.mattis.Integer@velitin.org","8486","16800903 2718","04/25/2021","Ap #579-2460 In Rd.","3"
"21","Ronan Mercer","DQL15BPR0ET","faucibus@felisadipiscingfringilla.co.uk","5408","16930515 3422","06/16/2016","Ap #910-9146 Auctor St.","3"
"22","Judah Welch","KFR27LER0YN","tincidunt.tempus.risus@tinciduntadipiscing.net","7137","16890811 1159","07/10/2019","P.O. Box 933, 4723 Egestas Street","3"
"23","Arsenio Wilkins","HIE86SKV9XJ","Integer.sem.elit@Cum.com","9494","16921124 5155","08/14/2020","P.O. Box 394, 2659 Diam. Av.","3"
"24","Zachery Mann","GMV51HTY2SZ","Sed@sagittisplaceratCras.com","8180","16540617 4358","06/23/2021","P.O. Box 904, 8653 Suspendisse Street","3"
"25","Basil Williamson","OWY12UIH9DW","rutrum.lorem.ac@Aliquamadipiscing.co.uk","5540","16530929 2505","10/01/2018","Ap #571-6806 Lectus St.","3"
"26","Emmanuel Knox","AZW47WPW7HI","vestibulum.massa.rutrum@purus.co.uk","6525","16760607 3638","02/14/2020","4292 Vestibulum Avenue","3"
"27","Duncan Roth","TBN32UEE7FB","lorem@enimmitempor.com","3876","16220527 1360","04/04/2019","Ap #387-2612 Auctor, Avenue","3"
"28","Callum Valdez","UXZ03LCN4WF","rutrum.Fusce.dolor@ascelerisque.co.uk","4471","16480920 2577","10/05/2018","684-9424 Semper, Avenue","3"
"29","Charles Davenport","RMF34MLG6FN","ipsum.porta@ornareFuscemollis.org","4248","16941208 0104","06/24/2020","Ap #342-5072 Id Rd.","3"
"30","Lee Rocha","XJE92WLG7ZX","Nullam.enim.Sed@ornareelitelit.ca","2078","16601114 8928","02/04/2021","Ap #777-1469 Dictum Avenue","3"
"31","Justin Chavez","BEN89NUB4LW","et@amagnaLorem.co.uk","2168","16730923 9239","12/28/2016","812-3634 Mollis. Rd.","3"
"32","Stephen Sherman","OPC19UOC1UZ","vel.pede@nuncQuisque.org","3386","16360502 2783","10/08/2019","Ap #359-2806 Dictum St.","3"
"33","Lev Ashley","SVD87DKW0DP","ac.arcu.Nunc@facilisi.ca","7903","16341115 1636","03/30/2018","3210 Dignissim Avenue","3"
"34","Raymond Mcpherson","ATM67LAC0RL","ipsum@magnisdisparturient.net","1174","16770307 7698","04/23/2021","P.O. Box 361, 8909 Congue Street","3"
"35","Judah Thomas","GQU74WRM2HV","amet@Phasellus.org","7226","16531206 1137","07/24/2019","3674 Quis, Road","3"
"36","Silas Mercer","RRJ01TWT5GB","aliquet.Phasellus@erosNamconsequat.edu","9077","16940906 4608","07/14/2018","P.O. Box 149, 4165 Feugiat Rd.","3"
"37","Hector Holman","HQX13HYM8KC","lacus@risusodioauctor.edu","6309","16790915 2725","09/01/2015","595-7819 Dictum Avenue","3"
"38","Adrian Dudley","VEZ98TMF6EA","at.libero.Morbi@eleifend.net","1910","16791027 9731","07/09/2015","Ap #545-382 In St.","3"
"39","Nasim Hamilton","KNG28JQL1RM","bibendum.Donec@vellectus.com","2755","16680528 7163","03/03/2018","Ap #452-528 Diam St.","3"
"40","Emmanuel Singleton","VTQ29NCL4ZV","tempus@lobortisquama.org","1538","16070407 7254","08/09/2018","216-4355 Ipsum. Rd.","3"
"41","Bevis Riley","LEJ91EQH9FQ","luctus@atvelitPellentesque.net","4497","16470825 7417","04/29/2018","Ap #308-9670 Ornare, St.","3"
"42","Isaac Arnold","ARU91PEE1GG","parturient.montes@Vivamuseuismod.org","2225","16581108 6429","11/08/2018","P.O. Box 765, 327 Dictum Rd.","3"
"43","Jason Chang","ZUW10MKW9TR","Proin.mi.Aliquam@Ut.net","7645","16860121 3435","01/02/2019","872-8347 Odio Ave","3"
"44","Fletcher Sawyer","AYX09WUM2HC","Donec.est@velitAliquam.ca","1961","16271018 4249","07/14/2016","Ap #747-2588 A, Avenue","3"
"45","Tate Moss","IEB20MEW0CF","sit@Suspendisse.org","1992","16950721 5730","09/01/2015","976-1223 Tellus Rd.","3"
"46","Brody Francis","VOZ48VFA9TR","id@libero.com","3546","16420809 7107","04/03/2018","612-7565 Ipsum St.","3"
"47","Vance Houston","PXE84YQQ8SX","ullamcorper@IntegermollisInteger.com","3325","16561012 4355","01/08/2016","7984 Blandit. St.","3"
"48","Hunter Boyd","QUA32EPX3ML","et.pede.Nunc@loremDonec.ca","7782","16480912 7931","11/12/2019","718-1513 Eu Rd.","3"
"49","Brian Calhoun","CEK14WAZ7XM","penatibus.et@sapien.edu","9634","16080609 9800","04/20/2019","P.O. Box 948, 1324 Neque Ave","3"
"50","David Calderon","LUY61DSJ6PR","lorem.vitae.odio@Vivamuseuismodurna.ca","4474","16260209 1015","04/08/2016","Ap #964-9111 Sem St.","3"
"51","Barry Sharp","BEG93FGT3UP","lorem.eget@DonecegestasAliquam.com","2833","16830217 8424","05/20/2017","P.O. Box 114, 8160 Nisl. St.","3"
"52","Ferdinand Morales","SKY55VCF3YL","non.hendrerit.id@ornareegestasligula.edu","1530","16670801 7311","09/08/2016","P.O. Box 394, 1182 Semper Road","3"
"53","Blake Caldwell","VBB93JPM5IW","aliquet@nunc.ca","3567","16070501 4835","01/10/2018","792-8253 Montes, Ave","3"
"54","Arsenio Roberson","MUS37ZLA1NY","ac.arcu.Nunc@Nuncuterat.net","8883","16151129 5527","03/07/2021","Ap #548-9749 Habitant St.","3"
"55","Kaseem Schmidt","DKC28LVO3IV","eget@sitamet.com","3589","16681106 7195","05/12/2020","918-8000 Convallis Avenue","3"
"56","Nash Everett","BPG78FIK5WM","dolor.quam@fames.com","5153","16170929 2518","06/24/2016","P.O. Box 522, 908 Sit Street","3"
"57","Burke Dudley","LBF95MMZ6GI","montes@cubilia.co.uk","4610","16320628 0863","04/12/2019","P.O. Box 746, 8407 Nulla. Ave","3"
"58","Dalton Briggs","UXU96ZGP1JE","arcu.Vestibulum.ut@commodo.ca","6208","16390129 4490","04/11/2017","288-2157 Ultricies Ave","3"
"59","Jacob Richard","MNQ85LEZ2DW","Nullam.scelerisque@Intincidunt.edu","3163","16140210 7922","11/11/2019","Ap #800-9617 Eros. Rd.","3"
"60","Chase Perez","QQJ56NZG9AW","et.rutrum@metus.com","8527","16380716 8053","09/17/2018","488-3113 Sem Street","3"
"61","Wang Nash","JWI78PSR5EL","dapibus.rutrum@iaculisneceleifend.org","6057","16020810 2319","12/19/2015","2332 Est. Avenue","3"
"62","Stone Daniels","ESX96DGP5TD","enim.diam.vel@dolorNulla.net","2207","16291103 8665","06/22/2020","2235 Lobortis St.","3"
"63","Kelly Ferguson","ORQ94KWT3EO","leo@arcuVestibulum.edu","1600","16351112 0440","09/27/2018","P.O. Box 545, 5145 Diam. Avenue","3"
"64","Erich Tyler","SWK11VJN1OM","ornare@magna.co.uk","7791","16941229 7377","03/18/2016","P.O. Box 736, 6809 Mollis. St.","3"
"65","Yasir Hester","SJS79YBI3YM","eget@miacmattis.org","1987","16450605 2622","05/18/2020","P.O. Box 454, 2481 Enim Rd.","3"
"66","Axel Gould","ELK74ILQ9AW","quis@tempor.edu","8152","16150228 8119","03/28/2021","777-1424 Nam Av.","3"
"67","Gabriel Gonzalez","UDP47RXN9IA","id.erat@luctusaliquetodio.net","4521","16510113 3857","03/19/2016","918-1346 Dolor. Road","3"
"68","Brennan Sherman","PXF63XRQ7HN","velit.Aliquam@gravida.ca","1195","16460217 8016","05/23/2018","988-5354 Lorem, Road","3"
"69","Vincent Jarvis","YCS92AQG1JG","posuere.enim@Sedeget.com","6690","16790906 8848","05/26/2017","P.O. Box 138, 1228 Elit, Avenue","3"
"70","Griffin Terry","OCV52CZN0MA","orci.Phasellus@penatibusetmagnis.net","6169","16540713 8345","04/18/2018","864-4458 Eget Avenue","3"
"71","Mark Bryant","ORP49UGJ0OZ","senectus.et.netus@non.ca","6375","16251230 1223","08/01/2016","P.O. Box 852, 3383 Neque. Rd.","3"
"72","Dale Middleton","QOJ03IZD6RY","rutrum.magna@nibhsit.co.uk","7808","16441021 3047","07/16/2016","696-2484 Aliquet Av.","3"
"73","Troy Orr","AIW43ONI3OH","amet.ante@erat.ca","1793","16220129 3905","04/08/2017","5194 Dui Rd.","3"
"74","Lester Maddox","CNO15KGI0MU","id@cubiliaCuraeDonec.com","5392","16950117 3695","01/30/2017","845-7289 Ultrices, St.","3"
"75","Damon Franco","SVG38NGI6RN","sollicitudin@non.ca","6346","16990211 9529","04/02/2016","P.O. Box 720, 8716 Aliquam Avenue","3"
"76","Jerry Petty","ZCK62RUD6BR","leo@dui.edu","1608","16450509 4526","06/20/2016","6573 Tristique St.","3"
"77","Arden Barton","PXU70BIX8WK","blandit@arcuacorci.net","4731","16730330 1852","10/31/2016","Ap #472-5286 Cursus Av.","3"
"78","Stephen Peters","UDM20RCD5SR","ac.arcu@nuncsedpede.co.uk","8850","16510326 9709","10/06/2020","Ap #873-4961 Eget St.","3"
"79","Xander Cherry","YUF51FJH5MO","parturient.montes@Vestibulumut.edu","9368","16390915 2278","08/22/2016","P.O. Box 657, 1542 Cursus Ave","3"
"80","Austin Tran","PAN17UWZ7YX","pretium.et@quisurnaNunc.net","1704","16890313 9890","06/22/2017","207-3782 Facilisis Street","3"
"81","Hakeem Stone","ERW67KTL0BC","pharetra@esttemporbibendum.ca","4611","16291126 8551","10/21/2019","Ap #647-1868 Adipiscing Road","3"
"82","Blake Benton","IUD79MBX5BU","ac.nulla@Sed.net","7516","16050528 8886","01/23/2019","P.O. Box 513, 570 Malesuada. Rd.","3"
"83","Abdul Sheppard","LFF95FCY6QH","nec.mollis.vitae@tinciduntnunc.ca","7732","16820519 7968","10/23/2020","Ap #814-8376 Curabitur Ave","3"
"84","Bruce Valenzuela","CAE39GOG3KB","semper@necimperdietnec.com","7403","16940825 3970","02/15/2020","9988 Varius. Street","3"
"85","Timothy Key","RCV67HER3BS","in.lobortis.tellus@leo.edu","5020","16121226 2909","10/27/2018","9273 Nec, Avenue","3"
"86","Malik Hickman","HEX88YOD8RH","commodo.at.libero@duiFuscediam.org","7252","16310907 1740","02/24/2019","P.O. Box 696, 3567 Nunc Avenue","3"
"87","Norman Young","AYX62UCE0KA","habitant@rutrumeu.net","1521","16820602 5440","12/22/2016","2934 Quisque Av.","3"
"88","Dustin Preston","ZXE96LMU7UX","eu.odio.Phasellus@idblanditat.edu","4934","16651012 1095","04/16/2016","3042 Lobortis Avenue","3"
"89","Wesley Moody","SVW81UYA5YW","Nulla.tempor.augue@dictumaugue.ca","8263","16770810 8324","05/02/2017","P.O. Box 158, 5334 Eu, Rd.","3"
"90","Baker Delgado","TFC45JFM3JF","laoreet.libero@dolor.com","3807","16140801 7984","10/14/2018","Ap #227-3618 Nec, Avenue","3"
"91","Andrew Oconnor","OYP50DBM6YD","Duis.gravida.Praesent@malesuadafringilla.ca","3192","16960524 7924","03/26/2021","P.O. Box 598, 1710 Sed Avenue","3"
"92","Avram Hood","NAB83BSF0IT","risus.Quisque.libero@ascelerisque.com","8929","16090806 3720","01/06/2018","104-5561 Sed St.","3"
"93","Wade Carroll","GFK84XIK9QO","eu.accumsan@Nuncmaurissapien.ca","3862","16020510 8806","09/16/2020","Ap #959-9493 Et Rd.","3"
"94","Guy Mccall","HQT63QCN3SG","In.faucibus@commodoauctor.ca","7402","16820903 3318","12/05/2016","Ap #982-5165 Risus. Rd.","3"
"95","Erasmus Kaufman","AKL00QHM7HB","Donec@feugiatplacerat.com","1928","16930306 4472","04/27/2021","9031 Tempor Rd.","3"
"96","Guy Huber","CSH61RZD8HO","dui.augue@lacusAliquam.net","1834","16280106 6891","11/07/2019","536-4694 Velit Avenue","3"
"97","Reese Buck","MBF83LXE1MM","dis.parturient@mifelis.com","8428","16920620 7186","05/11/2020","6694 Mollis Avenue","3"
"98","Magee Branch","VBP44BXN2LB","enim@nullaIntincidunt.org","4090","16710604 5557","07/24/2015","P.O. Box 994, 6395 Eget, Road","3"
"99","Clarke Dawson","GGX16TJD2UR","Phasellus.libero.mauris@sedorcilobortis.edu","2813","16300117 2653","01/07/2019","Ap #977-3482 A Rd.","3"
"100","Gray Foreman","UBG95EXJ1OE","pede@posuerecubilia.org","1201","16990627 9998","01/28/2017","P.O. Box 259, 7366 Aliquam St.","3"
